{
  "dataTemplate": {
    "videoAttributes": {
      "width": 1080,
      "height": 1920,
      "name": "",
      "fps": 24,
      "valuePx": 19.1999678536,
      "start": "3600s",
      "duration": "59000/12000s"
    },
    "listItem": [
      {
        "photoAttributes": {
          "width": 947,
          "height": 768,
          "name": "photo",
          "valuePx": 0,
          "start": "3600s",
          "duration": "59000/12000s",
          "adjust-transform": {
            "position": [
              {"time": "2592030000/720000s", "value": "-0.920788 -12.5881" },
              {"time": "8640300/2400s",      "value": "-1.14537 -13.1957"  },
              {"time": "8640400/2400s",      "value": "-0.265857 -14.4103" },
              {"time": "8640700/2400s",      "value": "0.231259 -14.4103"  },
              {"time": "8641000/2400s",      "value": "0.396965 -13.6285"  },
              {"time": "8641100/2400s",      "value": "0.284673 -13.1259"  },
              {"time": "8641300/2400s",      "value": "0.284673 -12.735"   },
              {"time": "8641600/2400s",      "value": "-0.0515933 -13.1769"},
              {"time": "8641900/2400s",      "value": "-0.165098 -12.5627" },
              {"time": "8642000/2400s",      "value": "-0.891046 -11.8367" },
              {"time": "8642300/2400s",      "value": "-1.11563 -10.9997"  },
              {"time": "3601s",              "value": "-1.17451 -9.26918"  },
              {"time": "8642800/2400s",      "value": "-1.0088 -9.60059"   },
              {"time": "8643100/2400s",      "value": "-0.953565 -9.09801" },
              {"time": "8643200/2400s",      "value": "-0.623368 -6.47526" },
              {"time": "8643400/2400s",      "value": "-0.846736 -4.91168" },
              {"time": "8643500/2400s",      "value": "-0.958421 -3.62731" },
              {"time": "8643600/2400s",      "value": "-0.738087 -2.84552" },
              {"time": "8645800/2400s",      "value": "-0.406676 -4.2264"  },
              {"time": "8646700/2400s",      "value": "-0.40789 -5.82822"  },
              {"time": "3603s",              "value": "-0.466767 -6.54627" },
              {"time": "2594430000/720000s", "value": "-0.466767 -6.54627" },
              {"time": "8648400/2400s",      "value": "-0.304704 -9.03185" },
              {"time": "8648700/2400s",      "value": "-0.362974 -9.02093" },
              {"time": "8649200/2400s",      "value": "-0.477693 -7.06645" },
              {"time": "8649500/2400s",      "value": "-0.756903 -6.11714" },
              {"time": "8649700/2400s",      "value": "-0.702275 -5.22366" },
              {"time": "2595330000/720000s", "value": "-0.702275 -5.22366" }
            ]
          }
        }
      }
    ]
  }
}
