{
  "dataTemplate": {
    "videoAttributes": {
      "width": 538,
      "height": 960,
      "name": "",
      "fps": 24,
      "valuePx": 10.28002796,
      "start": "43189000/12000s",
      "duration": "61000/12000s"
    },
    "listItem": [
      {
        "photoAttributes": {
          "width": 256,
          "height": 218,
          "name": "photo",
          "valuePx": 0,
          "start": "43189000/12000s",
          "duration": "61000/12000s",
          "adjust-transform": {
            "position": [
              {"time": "2591370000/720000s", "value": "0.029503 -25.4893"  },
              {"time": "8638000/2400s",      "value": "0.029503 -24.3938"  },
              {"time": "8638100/2400s",      "value": "-1.6368 -21.0969"   },
              {"time": "8638200/2400s",      "value": "-1.80038 -21.041"   },
              {"time": "8638300/2400s",      "value": "-1.38279 -20.2992"  },
              {"time": "8638400/2400s",      "value": "-1.5481 -19.3367"   },
              {"time": "8638500/2400s",      "value": "-0.819488 -18.012"  },
              {"time": "2591580000/720000s", "value": "-0.819488 -18.012"  },
              {"time": "8638700/2400s",      "value": "-0.61156 -17.6261"  },
              {"time": "8638800/2400s",      "value": "-0.560874 -17.6733" },
              {"time": "8638900/2400s",      "value": "-0.56145 -17.2494"  },
              {"time": "8639000/2400s",      "value": "-0.509036 -17.2983" },
              {"time": "2591730000/720000s", "value": "-0.509036 -17.2983" },
              {"time": "2591760000/720000s", "value": "-0.509036 -17.2983" },
              {"time": "2591790000/720000s", "value": "-0.509036 -17.2983" },
              {"time": "2591820000/720000s", "value": "-0.509036 -17.2983" },
              {"time": "8640600/2400s",      "value": "-0.0908763 -17.7177"},
              {"time": "2592420000/720000s", "value": "-0.0908763 -17.7177"},
              {"time": "8641500/2400s",      "value": "-0.249846 -17.8749" },
              {"time": "8641600/2400s",      "value": "-0.408816 -18.0316" },
              {"time": "8641700/2400s",      "value": "-0.408816 -18.3979" },
              {"time": "2592540000/720000s", "value": "-0.408816 -18.3979" },
              {"time": "8641900/2400s",      "value": "-0.514796 -18.7648" },
              {"time": "8642100/2400s",      "value": "-0.515372 -19.3938" },
              {"time": "2592810000/720000s", "value": "-0.515372 -19.3938" },
              {"time": "2593500000/720000s", "value": "-0.515372 -19.3938" },
              {"time": "2593770000/720000s", "value": "-0.515372 -19.3938" },
              {"time": "8646000/2400s",      "value": "-0.833312 -19.3938" },
              {"time": "8646200/2400s",      "value": "-0.993434 -19.7059" },
              {"time": "8646500/2400s",      "value": "-0.94102 -19.9133"  },
              {"time": "8647100/2400s",      "value": "-1.04758 -20.0135"  },
              {"time": "8647300/2400s",      "value": "-0.733092 -20.5376" },
              {"time": "8647700/2400s",      "value": "-0.786082 -20.7997" },
              {"time": "8648000/2400s",      "value": "-0.78781 -21.219"   },
              {"time": "8648200/2400s",      "value": "-0.68471 -21.1107"  },
              {"time": "8648300/2400s",      "value": "-0.0960601 -20.7893"},
              {"time": "8648400/2400s",      "value": "-0.166905 -20.5768" },
              {"time": "8648500/2400s",      "value": "1.08239 -20.7329"   },
              {"time": "8648700/2400s",      "value": "1.5426 -20.5636"    },
              {"time": "8648800/2400s",      "value": "1.90662 -20.6154"   },
              {"time": "8648900/2400s",      "value": "2.62774 -20.3505"   },
              {"time": "8649000/2400s",      "value": "2.36776 -20.3667"   },
              {"time": "8649100/2400s",      "value": "3.04244 -20.4029"   },
              {"time": "8649200/2400s",      "value": "3.66565 -20.4553"   },
              {"time": "8649400/2400s",      "value": "3.44793 -20.6644"   },
              {"time": "2594970000/720000s", "value": "3.44793 -20.6644"   }
            ]
          }
        }
      }
    ]
  }
}
