{
  "dataTemplate": {
    "videoAttributes": {
      "width": 1080,
      "height": 1920,
      "name": "",
      "fps": 24,
      "valuePx": 19.27824532,
      "start": "3600s",
      "duration": "10300/2400s"
    },
    "listItem": [
      {
        "photoAttributes": {
          "width": 400,
          "height": 356,
          "name": "photo",
          "valuePx": 0,
          "start": "3600s",
          "duration": "10300/2400s",
          "adjust-transform": {
            "position": [
              {"time": "3600s",              "value": "19.073 -22.5878" },
              {"time": "8640100/2400s",      "value": "18.2278 -23.3664"},
              {"time": "2592060000/720000s", "value": "18.2278 -23.3664"},
              {"time": "2592090000/720000s", "value": "18.2278 -23.3664"},
              {"time": "8640400/2400s",      "value": "16.9632 -23.6427"},
              {"time": "8640500/2400s",      "value": "12.531 -24.5113" },
              {"time": "2592180000/720000s", "value": "12.531 -24.5113" },
              {"time": "8640700/2400s",      "value": "10.3306 -23.7155"},
              {"time": "8640800/2400s",      "value": "8.78465 -22.4514"},
              {"time": "8640900/2400s",      "value": "6.72321 -19.2638"},
              {"time": "2592300000/720000s", "value": "6.72321 -19.2638"},
              {"time": "8641100/2400s",      "value": "5.9711 -17.2446" },
              {"time": "8641200/2400s",      "value": "5.736 -16.0269"  },
              {"time": "8641300/2400s",      "value": "5.08058 -14.7161"},
              {"time": "2592420000/720000s", "value": "5.08058 -14.7161"},
              {"time": "8641500/2400s",      "value": "5.08058 -14.1532"},
              {"time": "2592480000/720000s", "value": "5.08058 -14.1532"},
              {"time": "8641700/2400s",      "value": "4.98389 -13.4978"},
              {"time": "2592540000/720000s", "value": "4.98389 -13.4978"},
              {"time": "2592570000/720000s", "value": "4.98389 -13.4978"},
              {"time": "2592600000/720000s", "value": "4.98389 -13.4978"},
              {"time": "2592630000/720000s", "value": "4.98389 -13.4978"},
              {"time": "2592660000/720000s", "value": "4.98389 -13.4978"},
              {"time": "8642300/2400s",      "value": "4.84344 -14.5614"},
              {"time": "3601s",              "value": "4.93504 -14.882" },
              {"time": "8642500/2400s",      "value": "5.07243 -16.2249"},
              {"time": "2592780000/720000s", "value": "5.07243 -16.2249"},
              {"time": "8642700/2400s",      "value": "5.48665 -16.8732"},
              {"time": "8642800/2400s",      "value": "6.36344 -17.6141"},
              {"time": "8642900/2400s",      "value": "7.79439 -17.2859"},
              {"time": "2592900000/720000s", "value": "7.79439 -17.2859"},
              {"time": "8643100/2400s",      "value": "8.71036 -16.1155"},
              {"time": "8643200/2400s",      "value": "9.4053 -14.8488" },
              {"time": "8643300/2400s",      "value": "10.8341 -11.417" },
              {"time": "2593020000/720000s", "value": "10.8341 -11.417" },
              {"time": "8643500/2400s",      "value": "11.125 -10.2638" },
              {"time": "8643600/2400s",      "value": "11.3771 -9.06922"},
              {"time": "8643700/2400s",      "value": "11.7037 -8.54609"},
              {"time": "2593140000/720000s", "value": "11.7037 -8.54609"},
              {"time": "8643900/2400s",      "value": "11.7024 -8.02417"},
              {"time": "8644000/2400s",      "value": "11.7762 -8.02417"},
              {"time": "8644100/2400s",      "value": "11.7762 -8.09792"},
              {"time": "2593260000/720000s", "value": "11.7762 -8.09792"},
              {"time": "8644300/2400s",      "value": "11.7385 -8.28229"},
              {"time": "8644400/2400s",      "value": "11.7754 -8.42979"},
              {"time": "8644500/2400s",      "value": "11.8487 -8.65104"},
              {"time": "2593380000/720000s", "value": "11.8487 -8.65104"},
              {"time": "8644700/2400s",      "value": "11.9209 -8.94603"},
              {"time": "3602s",              "value": "11.9565 -8.97723"},
              {"time": "2593470000/720000s", "value": "11.9565 -8.97723"},
              {"time": "2593500000/720000s", "value": "11.9565 -8.97723"},
              {"time": "2593530000/720000s", "value": "11.9565 -8.97723"},
              {"time": "2593560000/720000s", "value": "11.9565 -8.97723"},
              {"time": "8645300/2400s",      "value": "12.0651 -9.15674"},
              {"time": "2593620000/720000s", "value": "12.0651 -9.15674"},
              {"time": "2593650000/720000s", "value": "12.0651 -9.15674"},
              {"time": "2593680000/720000s", "value": "12.0651 -9.15674"},
              {"time": "8645700/2400s",      "value": "12.0643 -8.97034"},
              {"time": "8645800/2400s",      "value": "12.027 -8.78395" },
              {"time": "8645900/2400s",      "value": "12.027 -8.52299" },
              {"time": "8646000/2400s",      "value": "11.9152 -8.22475"},
              {"time": "8646100/2400s",      "value": "11.8779 -8.00107"},
              {"time": "2593890000/720000s", "value": "11.8779 -8.00107"},
              {"time": "8646500/2400s",      "value": "11.6506 -8.25393"},
              {"time": "8646700/2400s",      "value": "11.5732 -8.98858"},
              {"time": "8646800/2400s",      "value": "11.1226 -9.98054"},
              {"time": "8646900/2400s",      "value": "10.7842 -11.4535"},
              {"time": "8647000/2400s",      "value": "10.3316 -12.9998"},
              {"time": "8647100/2400s",      "value": "9.32425 -14.6591"},
              {"time": "3603s",              "value": "8.50451 -16.1337"},
              {"time": "8647300/2400s",      "value": "7.53159 -17.0183"},
              {"time": "8647400/2400s",      "value": "6.70901 -17.383" },
              {"time": "8647500/2400s",      "value": "5.96261 -17.3457"},
              {"time": "8647600/2400s",      "value": "5.28753 -16.9295"},
              {"time": "8647700/2400s",      "value": "4.91351 -16.0721"},
              {"time": "8647800/2400s",      "value": "4.61123 -15.2147"},
              {"time": "8647900/2400s",      "value": "4.27571 -14.506" },
              {"time": "8648000/2400s",      "value": "4.23681 -14.2077"},
              {"time": "8648100/2400s",      "value": "4.12497 -13.8722"},
              {"time": "8648200/2400s",      "value": "4.08729 -13.5367"},
              {"time": "2594490000/720000s", "value": "4.08729 -13.5367"},
              {"time": "2594520000/720000s", "value": "4.08729 -13.5367"},
              {"time": "2594550000/720000s", "value": "4.08729 -13.5367"},
              {"time": "2594580000/720000s", "value": "4.08729 -13.5367"},
              {"time": "2594610000/720000s", "value": "4.08729 -13.5367"},
              {"time": "8648800/2400s",      "value": "4.27166 -14.309" },
              {"time": "8648900/2400s",      "value": "4.52978 -14.8621"},
              {"time": "8649000/2400s",      "value": "4.67687 -15.4509"},
              {"time": "8649100/2400s",      "value": "5.15421 -16.2613"},
              {"time": "8649200/2400s",      "value": "5.44718 -17.2926"},
              {"time": "8649300/2400s",      "value": "6.5526 -18.9511" },
              {"time": "8649400/2400s",      "value": "7.50566 -20.756" },
              {"time": "8649500/2400s",      "value": "8.5349 -22.1697" },
              {"time": "3604s",              "value": "10.3276 -23.5535"},
              {"time": "8649700/2400s",      "value": "12.2519 -24.4949"},
              {"time": "8649800/2400s",      "value": "14.56 -24.2173"  },
              {"time": "8649900/2400s",      "value": "16.7145 -23.6135"},
              {"time": "8650000/2400s",      "value": "18.5692 -23.1662"},
              {"time": "8650100/2400s",      "value": "19.4692 -23.3137"},
              {"time": "8650200/2400s",      "value": "19.9453 -23.4243"}
            ]
          }
        }
      }
    ]
  }
}
