{
  "dataTemplate": {
    "videoAttributes": {
      "width": 720,
      "height": 1280,
      "name": "",
      "fps": 24,
      "valuePx": 12.800005474,
      "start": "3600s",
      "duration": "10000/2400s"
    },
    "listItem": [
      {
        "photoAttributes": {
          "width": 462,
          "height": 383,
          "name": "photo",
          "valuePx": 0,
          "start": "3600s",
          "duration": "10000/2400s",
          "adjust-transform": {
            "position": [
              {"time": "3600.1s",          "value": "-0.145569 8.03802" },
              {"time": "10000/2400s", "value": "-0.145569 8.03802" }
            ]
          }
        }
      }
    ]
  }
}
