{
  "dataTemplate": {
    "videoAttributes": {
      "width": 720,
      "height": 1280,
      "name": "",
      "fps": 24,
      "valuePx": 12.7999947259,
      "start": "3600s",
      "duration": "10500/2400s"
    },
    "listItem": [
      {
        "photoAttributes": {
          "width": 428,
          "height": 362,
          "name": "photo",
          "valuePx": 0,
          "start": "3600s",
          "duration": "10500/2400s",
          "adjust-transform": {
            "position": [
              {"time": "3600.1s",              "value": "-2.99617 -7.5843" },
              {"time": "2592240000/720000s", "value": "-2.99617 -7.5843" },
              {"time": "8641400/2400s",      "value": "-3.0943 -7.19178" },
              {"time": "8642000/2400s",      "value": "-2.85165 -7.14271"},
              {"time": "8644000/2400s",      "value": "-3.00044 -6.50487"},
              {"time": "2594310000/720000s", "value": "-3.00044 -6.50487"},
              {"time": "8647900/2400s",      "value": "-3.54229 -5.61796"},
              {"time": "8648200/2400s",      "value": "-3.59136 -4.68572"},
              {"time": "8648500/2400s",      "value": "-3.49429 -3.99881"},
              {"time": "8649000/2400s",      "value": "-3.15457 -4.04734"},
              {"time": "2594790000/720000s", "value": "-3.20683 -4.48413"}
            ]
          }
        }
      }
    ]
  }
}
