{
  "dataTemplate": {
    "videoAttributes": {
      "width": 1080,
      "height": 1920,
      "name": "",
      "fps": 24,
      "valuePx": 19.20301124,
      "start": "3600s",
      "duration": "14500/2400s"
    },
    "listItem": [
      {
        "photoAttributes": {
          "width": 676,
          "height": 586,
          "name": "photo",
          "valuePx": 0,
          "start": "3600s",
          "duration": "14500/2400s",
          "adjust-transform": {
            "position": [
              {"time": "3600s",              "value": "11.8209 -17.9831"},
              {"time": "8640100/2400s",      "value": "12.5397 -16.9531"},
              {"time": "8640200/2400s",      "value": "13.4212 -15.9213"},
              {"time": "8640300/2400s",      "value": "12.9521 -15.4048"},
              {"time": "2592120000/720000s", "value": "12.9521 -15.4048"},
              {"time": "8640500/2400s",      "value": "14.1573 -15.1234"},
              {"time": "8640600/2400s",      "value": "14.3888 -14.7013"},
              {"time": "8640700/2400s",      "value": "13.0281 -16.7884"},
              {"time": "2592240000/720000s", "value": "13.0281 -16.7884"},
              {"time": "8640900/2400s",      "value": "11.4579 -18.7583"},
              {"time": "8641000/2400s",      "value": "9.38656 -20.2735"},
              {"time": "8641100/2400s",      "value": "4.80645 -21.5612"},
              {"time": "2592360000/720000s", "value": "4.80645 -21.5612"},
              {"time": "8641300/2400s",      "value": "3.39939 -21.6076"},
              {"time": "8641400/2400s",      "value": "1.94593 -20.951" },
              {"time": "8641500/2400s",      "value": "1.56816 -18.56"  },
              {"time": "2592480000/720000s", "value": "1.56816 -18.56"  },
              {"time": "8641700/2400s",      "value": "1.47385 -16.5432"},
              {"time": "8641800/2400s",      "value": "1.49799 -15.3206"},
              {"time": "8641900/2400s",      "value": "1.56771 -12.4189"},
              {"time": "2592600000/720000s", "value": "1.56771 -12.4189"},
              {"time": "8642100/2400s",      "value": "1.43994 -10.8433"},
              {"time": "8642200/2400s",      "value": "1.41499 -10.3692"},
              {"time": "2592690000/720000s", "value": "1.41499 -10.3692"},
              {"time": "3601s",              "value": "1.41499 -10.3692"},
              {"time": "2592750000/720000s", "value": "1.41499 -10.3692"},
              {"time": "2592780000/720000s", "value": "1.41499 -10.3692"},
              {"time": "8642700/2400s",      "value": "1.46327 -11.6775"},
              {"time": "8642900/2400s",      "value": "1.53733 -12.0971"},
              {"time": "8643100/2400s",      "value": "1.38759 -13.0599"},
              {"time": "8643300/2400s",      "value": "1.46056 -13.9092"},
              {"time": "8643500/2400s",      "value": "1.40983 -15.5878"},
              {"time": "8643700/2400s",      "value": "1.40983 -15.7359"},
              {"time": "8643900/2400s",      "value": "1.43425 -14.6631"},
              {"time": "8644100/2400s",      "value": "1.38352 -13.9396"},
              {"time": "2593350000/720000s", "value": "1.38352 -13.9396"},
              {"time": "8644600/2400s",      "value": "1.28369 -14.3074"},
              {"time": "8644700/2400s",      "value": "1.26904 -16.4898"},
              {"time": "3602s",              "value": "1.26904 -16.4898"},
              {"time": "8644900/2400s",      "value": "1.36751 -17.3785"},
              {"time": "8645000/2400s",      "value": "1.49094 -18.045" },
              {"time": "8645100/2400s",      "value": "1.565 -18.4893"  },
              {"time": "2593560000/720000s", "value": "1.565 -18.4893"  },
              {"time": "2593650000/720000s", "value": "1.565 -18.4893"  },
              {"time": "2593710000/720000s", "value": "1.565 -18.4893"  },
              {"time": "8645900/2400s",      "value": "1.38867 -16.8449"},
              {"time": "2593830000/720000s", "value": "1.38867 -16.8449"},
              {"time": "8646300/2400s",      "value": "1.43804 -17.4373"},
              {"time": "8646500/2400s",      "value": "1.38813 -17.7089"},
              {"time": "8646700/2400s",      "value": "1.46951 -18.69"  },
              {"time": "8646900/2400s",      "value": "1.51888 -18.9122"},
              {"time": "2594220000/720000s", "value": "1.51888 -18.9122"},
              {"time": "8647900/2400s",      "value": "1.41905 -18.0886"},
              {"time": "8648200/2400s",      "value": "1.31869 -17.1403"},
              {"time": "8648800/2400s",      "value": "1.29373 -17.5352"},
              {"time": "8648900/2400s",      "value": "1.31787 -17.708" },
              {"time": "2594700000/720000s", "value": "1.31787 -17.708" },
              {"time": "8649100/2400s",      "value": "1.34256 -18.3252"},
              {"time": "8649200/2400s",      "value": "1.4413 -18.6708" },
              {"time": "2594820000/720000s", "value": "1.4413 -18.6708" },
              {"time": "3604s",              "value": "1.46598 -17.4235"},
              {"time": "2594940000/720000s", "value": "1.46598 -17.4235"},
              {"time": "8649900/2400s",      "value": "1.22781 -14.5027"},
              {"time": "8650000/2400s",      "value": "1.2761 -12.6324" },
              {"time": "8650100/2400s",      "value": "1.30024 -11.7602"},
              {"time": "2595090000/720000s", "value": "1.30024 -11.7602"},
              {"time": "8650400/2400s",      "value": "1.47277 -12.5849"},
              {"time": "8650500/2400s",      "value": "1.49609 -14.5697"},
              {"time": "2595180000/720000s", "value": "1.49609 -14.5697"},
              {"time": "8650700/2400s",      "value": "1.47114 -15.6559"},
              {"time": "2595300000/720000s", "value": "1.47114 -15.6559"},
              {"time": "8651100/2400s",      "value": "1.59321 -14.2914"},
              {"time": "8651300/2400s",      "value": "1.61789 -13.967" },
              {"time": "8651600/2400s",      "value": "1.59294 -12.4029"},
              {"time": "8651900/2400s",      "value": "1.61762 -11.9054"},
              {"time": "8652200/2400s",      "value": "1.5669 -11.1325" },
              {"time": "8652400/2400s",      "value": "1.36751 -11.4011"},
              {"time": "8652500/2400s",      "value": "1.56364 -12.9562"},
              {"time": "2595780000/720000s", "value": "1.56364 -12.9562"},
              {"time": "8652700/2400s",      "value": "1.479 -15.093"   },
              {"time": "8652800/2400s",      "value": "1.5753 -16.6669" },
              {"time": "8652900/2400s",      "value": "1.52403 -18.1781"},
              {"time": "2595900000/720000s", "value": "1.52403 -18.1781"},
              {"time": "8653100/2400s",      "value": "2.31342 -20.0542"},
              {"time": "8653200/2400s",      "value": "3.00081 -21.5826"},
              {"time": "8653300/2400s",      "value": "4.32921 -21.5823"},
              {"time": "8653400/2400s",      "value": "5.0752 -21.5823" },
              {"time": "8653500/2400s",      "value": "9.82482 -20.3331"},
              {"time": "8653600/2400s",      "value": "11.9632 -18.8311"},
              {"time": "8653700/2400s",      "value": "13.9836 -17.5336"},
              {"time": "8653800/2400s",      "value": "13.8089 -17.284" },
              {"time": "8653900/2400s",      "value": "14.6707 -15.2927"},
              {"time": "8654000/2400s",      "value": "13.9163 -15.3171"},
              {"time": "8654100/2400s",      "value": "13.1682 -16.6995"},
              {"time": "8654200/2400s",      "value": "12.8692 -16.4499"},
              {"time": "8654300/2400s",      "value": "16.285 -16.1889" },
              {"time": "3606s",              "value": "16.2346 -16.9113"}
            ]
          }
        }
      }
    ]
  }
}
