{
  "dataTemplate": {
    "videoAttributes": {
      "width": 1080,
      "height": 1912,
      "name": "",
      "fps": 24,
      "valuePx": 19.12200723,
      "start": "3600s",
      "duration": "115115/24000s"
    },
    "listItem": [
      {
        "photoAttributes": {
          "width": 522,
          "height": 442,
          "name": "photo",
          "valuePx": 0,
          "start": "3600s",
          "duration": "115115/24000s",
          "adjust-transform": {
            "position": [
              {"time": "3600s",           "value": "23.3396 -20.4928"   },
              {"time": "86401001/24000s", "value": "19.7469 -20.9801"   },
              {"time": "86403003/24000s", "value": "17.2573 -21.5327"   },
              {"time": "86404004/24000s", "value": "14.1533 -21.9547"   },
              {"time": "86405005/24000s", "value": "7.96109 -21.8205"   },
              {"time": "86407007/24000s", "value": "5.74102 -22.1345"   },
              {"time": "86408008/24000s", "value": "4.14251 -21.1834"   },
              {"time": "86409009/24000s", "value": "1.57175 -19.8318"   },
              {"time": "86411011/24000s", "value": "0.87695 -19.3971"   },
              {"time": "86412012/24000s", "value": "0.962392 -18.7493"  },
              {"time": "86413013/24000s", "value": "-0.122059 -16.5902" },
              {"time": "86414014/24000s", "value": "-0.080747 -16.547"  },
              {"time": "86415015/24000s", "value": "-0.168536 -15.3386" },
              {"time": "86416016/24000s", "value": "-0.254916 -14.3885" },
              {"time": "86417017/24000s", "value": "-0.254916 -13.1791" },
              {"time": "86419019/24000s", "value": "-0.261019 -12.6158" },
              {"time": "86421021/24000s", "value": "-0.178395 -11.7294" },
              {"time": "86425025/24000s", "value": "0.161963 -11.0755"  },
              {"time": "86429029/24000s", "value": "0.235669 -12.6928"  },
              {"time": "86431031/24000s", "value": "-0.0690105 -13.7279"},
              {"time": "86432032/24000s", "value": "-0.0474154 -15.01"  },
              {"time": "86433033/24000s", "value": "0.334725 -16.7123"  },
              {"time": "86435035/24000s", "value": "0.417819 -16.8372"  },
              {"time": "86436036/24000s", "value": "0.545512 -17.6484"  },
              {"time": "86437037/24000s", "value": "0.752543 -17.3728"  },
              {"time": "86439039/24000s", "value": "0.665224 -17.4118"  },
              {"time": "86443043/24000s", "value": "0.745032 -17.147"   },
              {"time": "86450050/24000s", "value": "0.478849 -16.3536"  },
              {"time": "86454054/24000s", "value": "0.5211 -15.4457"    },
              {"time": "86458058/24000s", "value": "0.429555 -15.7419"  },
              {"time": "86465065/24000s", "value": "0.287309 -16.7559"  },
              {"time": "86470070/24000s", "value": "0.956289 -17.7366"  },
              {"time": "86474074/24000s", "value": "0.821554 -17.5583"  },
              {"time": "86475075/24000s", "value": "0.863805 -16.9095"  },
              {"time": "86477077/24000s", "value": "0.645976 -14.8499"  },
              {"time": "86479079/24000s", "value": "0.166658 -12.5984"  },
              {"time": "86481081/24000s", "value": "-0.0563351 -11.3398"},
              {"time": "86482082/24000s", "value": "-0.0563351 -11.2102"},
              {"time": "86485085/24000s", "value": "-0.231443 -11.414"  },
              {"time": "86486086/24000s", "value": "-0.0178395 -11.8412"},
              {"time": "86490090/24000s", "value": "-0.14741 -12.7341"  },
              {"time": "86491091/24000s", "value": "-0.192009 -14.0993" },
              {"time": "86493093/24000s", "value": "-0.497627 -14.0969" },
              {"time": "86494094/24000s", "value": "-0.0943613 -15.8231"},
              {"time": "86495095/24000s", "value": "-0.22581 -16.9498"  },
              {"time": "86497097/24000s", "value": "0.366648 -18.1385"  },
              {"time": "86498098/24000s", "value": "1.04689 -19.391"    },
              {"time": "86499099/24000s", "value": "1.85624 -20.5013"   },
              {"time": "86501101/24000s", "value": "4.27584 -21.4566"   },
              {"time": "86502102/24000s", "value": "5.29081 -21.7191"   },
              {"time": "86503103/24000s", "value": "7.77894 -22.5031"   },
              {"time": "86504104/24000s", "value": "7.94748 -22.5458"   },
              {"time": "86505105/24000s", "value": "13.258 -22.6899"    },
              {"time": "86506106/24000s", "value": "15.5213 -22.297"    },
              {"time": "86507107/24000s", "value": "18.5282 -21.7745"   },
              {"time": "86508108/24000s", "value": "18.9981 -21.3829"   },
              {"time": "86509109/24000s", "value": "22.6622 -20.5435"   },
              {"time": "86510110/24000s", "value": "23.303 -19.807"     },
              {"time": "86511111/24000s", "value": "23.2946 -20.2262"   },
              {"time": "86512112/24000s", "value": "23.5936 -20.568"    },
              {"time": "86513113/24000s", "value": "21.2416 -21.167"    },
              {"time": "86514114/24000s", "value": "19.9891 -21.2013"   }
            ]
          }
        }
      }
    ]
  }
}
