{
  "dataTemplate": {
    "videoAttributes": {
      "width": 1080,
      "height": 1920,
      "name": "",
      "fps": 24,
      "valuePx": 19.2021109983,
      "start": "3600s",
      "duration": "13600/2400s"
    },
    "listItem": [
      {
        "photoAttributes": {
          "width": 560,
          "height": 487,
          "name": "photo",
          "valuePx": 0,
          "start": "3600s",
          "duration": "13600/2400s",
          "adjust-transform": {
            "position": [
              {"time": "8640600/2400s",      "value": "-1.15865 -22.5663"},
              {"time": "2592210000/720000s", "value": "-1.15865 -22.5663"},
              {"time": "8640800/2400s",      "value": "-2.93498 -21.0706"},
              {"time": "8640900/2400s",      "value": "-4.07674 -18.3626"},
              {"time": "8641000/2400s",      "value": "-8.13456 -15.1937"},
              {"time": "2592330000/720000s", "value": "-8.13456 -15.1937"},
              {"time": "8641200/2400s",      "value": "-9.97253 -13.1753"},
              {"time": "8641300/2400s",      "value": "-10.6596 -12.0644"},
              {"time": "8641400/2400s",      "value": "-11.2022 -11.4284"},
              {"time": "2592450000/720000s", "value": "-11.2022 -11.4284"},
              {"time": "8641600/2400s",      "value": "-11.2771 -11.1664"},
              {"time": "2592510000/720000s", "value": "-11.2771 -11.1664"},
              {"time": "2592540000/720000s", "value": "-11.2771 -11.1664"},
              {"time": "2592630000/720000s", "value": "-11.2771 -11.1664"},
              {"time": "8642200/2400s",      "value": "-11.3896 -11.6848"},
              {"time": "3601s",              "value": "-11.5308 -12.2415"},
              {"time": "8642500/2400s",      "value": "-11.1371 -13.2404"},
              {"time": "8642600/2400s",      "value": "-11.4915 -17.0365"},
              {"time": "2592810000/720000s", "value": "-11.4915 -17.0365"},
              {"time": "8642800/2400s",      "value": "-11.4144 -18.303" },
              {"time": "8642900/2400s",      "value": "-11.5688 -19.3018"},
              {"time": "8643000/2400s",      "value": "-10.564 -20.6769" },
              {"time": "2592930000/720000s", "value": "-10.564 -20.6769" },
              {"time": "8643200/2400s",      "value": "-9.80835 -21.415" },
              {"time": "8643300/2400s",      "value": "-9.04195 -22.3743"},
              {"time": "8643400/2400s",      "value": "-7.2286 -25.2745" },
              {"time": "2593050000/720000s", "value": "-7.2286 -25.2745" },
              {"time": "8643600/2400s",      "value": "-6.15479 -26.1076"},
              {"time": "8643700/2400s",      "value": "-5.17456 -26.3835"},
              {"time": "8643800/2400s",      "value": "-3.44686 -26.2557"},
              {"time": "2593170000/720000s", "value": "-3.44686 -26.2557"},
              {"time": "8644000/2400s",      "value": "-2.41496 -26.2742"},
              {"time": "8644100/2400s",      "value": "-2.01111 -26.2742"},
              {"time": "8644200/2400s",      "value": "-1.93807 -25.9373"},
              {"time": "2593320000/720000s", "value": "-1.93807 -25.9373"},
              {"time": "2595510000/720000s", "value": "-1.93807 -25.9373"},
              {"time": "8651800/2400s",      "value": "-2.68717 -28.5628"},
              {"time": "2595570000/720000s", "value": "-2.68717 -28.5628"},
              {"time": "3605s",              "value": "-3.39498 -30.6126"},
              {"time": "8652100/2400s",      "value": "-4.4633 -30.3762" },
              {"time": "8652200/2400s",      "value": "-7.47335 -25.3719"},
              {"time": "2595690000/720000s", "value": "-7.47335 -25.3719"},
              {"time": "8652400/2400s",      "value": "-11.1776 -20.6663"},
              {"time": "8652500/2400s",      "value": "-14.7896 -16.5413"},
              {"time": "8652600/2400s",      "value": "-21.2262 -11.1552"},
              {"time": "2595810000/720000s", "value": "-21.2262 -11.1552"},
              {"time": "8652800/2400s",      "value": "-21.5818 -10.6317"},
              {"time": "8652900/2400s",      "value": "-21.3597 -10.7798"},
              {"time": "8653000/2400s",      "value": "-19.2501 -13.4831"},
              {"time": "2595930000/720000s", "value": "-19.2501 -13.4831"},
              {"time": "8653200/2400s",      "value": "-16.8728 -15.7448"},
              {"time": "8653300/2400s",      "value": "-13.5321 -18.5345"},
              {"time": "8653400/2400s",      "value": "-10.9947 -20.8891"},
              {"time": "2596050000/720000s", "value": "-10.9947 -20.8891"}
            ]
          }
        }
      }
    ]
  }
}
