{
  "dataTemplate": {
    "videoAttributes": {
      "width": 720,
      "height": 1280,
      "name": "",
      "fps": 24,
      "valuePx": 12.8,
      "start": "3600s",
      "duration": "9900/2400s"
    },
    "listItem": [
      {
        "photoAttributes": {
          "width": 478,
          "height": 478,
          "name": "photo",
          "valuePx": 0,
          "start": "3600s",
          "duration": "9900/2400s",
          "adjust-transform": {
            "position": [
              {
                  "time": "3600s",
                  "value": "-16.9337 -24.2999"
                },
                {
                  "time": "8640100/2400s",
                  "value": "-16.3579 -24.928"
                },
                {
                  "time": "8640200/2400s",
                  "value": "-17.2046 -24.8751"
                },
                {
                  "time": "8640300/2400s",
                  "value": "-17.9455 -22.7624"
                },
                {
                  "time": "8640400/2400s",
                  "value": "-17.8425 -22.7624"
                },
                {
                  "time": "8640500/2400s",
                  "value": "-16.5374 -22.6031"
                },
                {
                  "time": "8640600/2400s",
                  "value": "-15.0718 -22.6031"
                },
                {
                  "time": "8640700/2400s",
                  "value": "-8.81185 -24.6163"
                },
                {
                  "time": "8640800/2400s",
                  "value": "-8.60248 -24.6163"
                },
                {
                  "time": "8640900/2400s",
                  "value": "-5.76444 -26.1268"
                },
                {
                  "time": "8641000/2400s",
                  "value": "-2.7734 -28.0157"
                },
                {
                  "time": "8641100/2400s",
                  "value": "0.588074 -29.081"
                },
                {
                  "time": "8641200/2400s",
                  "value": "0.529403 -29.1782"
                },
                {
                  "time": "8641300/2400s",
                  "value": "0.736475 -29.4888"
                },
                {
                  "time": "8641400/2400s",
                  "value": "0.470158 -28.7479"
                },
                {
                  "time": "8641500/2400s",
                  "value": "0.993015 -29.5849"
                },
                {
                  "time": "8641600/2400s",
                  "value": "0.885452 -29.4261"
                },
                {
                  "time": "8641700/2400s",
                  "value": "0.986688 -29.4261"
                },
                {
                  "time": "2592540000/720000s",
                  "value": "0.986688 -29.4261"
                },
                {
                  "time": "2592570000/720000s",
                  "value": "0.986688 -29.4261"
                },
                {
                  "time": "2592600000/720000s",
                  "value": "0.986688 -29.4261"
                },
                {
                  "time": "2592630000/720000s",
                  "value": "0.986688 -29.4261"
                },
                {
                  "time": "2592660000/720000s",
                  "value": "0.986688 -29.4261"
                },
                {
                  "time": "8642300/2400s",
                  "value": "-0.0515493 -28.5069"
                },
                {
                  "time": "3601s",
                  "value": "-0.0515493 -28.5069"
                },
                {
                  "time": "8642500/2400s",
                  "value": "-0.00265722 -27.8725"
                },
                {
                  "time": "8642600/2400s",
                  "value": "-0.58476 -26.4443"
                },
                {
                  "time": "8642700/2400s",
                  "value": "-0.822893 -23.4245"
                },
                {
                  "time": "8642800/2400s",
                  "value": "-0.7717 -23.2128"
                },
                {
                  "time": "8642900/2400s",
                  "value": "-1.1427 -22.0492"
                },
                {
                  "time": "8643000/2400s",
                  "value": "-1.14385 -21.4141"
                },
                {
                  "time": "8643100/2400s",
                  "value": "-1.09324 -20.6733"
                },
                {
                  "time": "8643200/2400s",
                  "value": "-1.14616 -20.6204"
                },
                {
                  "time": "8643300/2400s",
                  "value": "-1.30491 -20.3558"
                },
                {
                  "time": "8643400/2400s",
                  "value": "-1.28996 -20.0895"
                },
                {
                  "time": "2593050000/720000s",
                  "value": "-1.28996 -20.0895"
                },
                {
                  "time": "2593080000/720000s",
                  "value": "-1.28996 -20.0895"
                },
                {
                  "time": "2593110000/720000s",
                  "value": "-1.28996 -20.0895"
                },
                {
                  "time": "2593140000/720000s",
                  "value": "-1.28996 -20.0895"
                },
                {
                  "time": "2593170000/720000s",
                  "value": "-1.28996 -20.0895"
                },
                {
                  "time": "2593200000/720000s",
                  "value": "-1.28996 -20.0895"
                },
                {
                  "time": "2593230000/720000s",
                  "value": "-1.28996 -20.0895"
                },
                {
                  "time": "2593980000/720000s",
                  "value": "-1.28996 -20.0895"
                },
                {
                  "time": "8646700/2400s",
                  "value": "-1.23761 -20.2465"
                },
                {
                  "time": "8646800/2400s",
                  "value": "-0.855679 -21.3072"
                },
                {
                  "time": "8646900/2400s",
                  "value": "-0.862582 -22.354"
                },
                {
                  "time": "2594100000/720000s",
                  "value": "-0.862582 -22.354"
                },
                {
                  "time": "8647100/2400s",
                  "value": "-0.81484 -25.3899"
                },
                {
                  "time": "3603s",
                  "value": "-0.232737 -27.7385"
                },
                {
                  "time": "8647300/2400s",
                  "value": "-0.0785837 -28.4189"
                },
                {
                  "time": "8647400/2400s",
                  "value": "0.127338 -28.4713"
                },
                {
                  "time": "8647500/2400s",
                  "value": "0.754882 -29.0471"
                },
                {
                  "time": "8647600/2400s",
                  "value": "1.06376 -29.0994"
                },
                {
                  "time": "2594310000/720000s",
                  "value": "1.06376 -29.0994"
                },
                {
                  "time": "2594340000/720000s",
                  "value": "1.06376 -29.0994"
                },
                {
                  "time": "2594370000/720000s",
                  "value": "1.06376 -29.0994"
                },
                {
                  "time": "2594520000/720000s",
                  "value": "1.06376 -29.0994"
                },
                {
                  "time": "8648500/2400s",
                  "value": "0.3764 -29.0465"
                },
                {
                  "time": "2594580000/720000s",
                  "value": "0.3764 -29.0465"
                },
                {
                  "time": "8648700/2400s",
                  "value": "-2.4254 -28.4103"
                },
                {
                  "time": "8648800/2400s",
                  "value": "-5.07247 -27.6694"
                },
                {
                  "time": "8648900/2400s",
                  "value": "-8.08652 -26.331"
                },
                {
                  "time": "8649000/2400s",
                  "value": "-8.30453 -26.0664"
                },
                {
                  "time": "8649100/2400s",
                  "value": "-13.8092 -23.0857"
                },
                {
                  "time": "8649200/2400s",
                  "value": "-16.2854 -22.2206"
                },
                {
                  "time": "8649300/2400s",
                  "value": "-17.3961 -21.7972"
                },
                {
                  "time": "8649400/2400s",
                  "value": "-17.8229 -21.9008"
                },
                {
                  "time": "8649500/2400s",
                  "value": "-18.2003 -23.4394"
                },
                {
                  "time": "3604s",
                  "value": "-18.099 -23.3865"
                },
                {
                  "time": "8649700/2400s",
                  "value": "-17.2 -23.9301"
                },
                {
                  "time": "8649800/2400s",
                  "value": "-16.8894 -24.3482"
                }
            ]
          }
        }
      }
    ]
  }
}