{
  "dataTemplate": {
    "videoAttributes": {
      "width": "720",
      "height": "1280",
      "name": "",
      "fps": 24,
      "valuePx": 12.8,
      "start": "43199000/12000s",
      "duration": "61500/12000s"
    },
    "listItem": [
      {
        "photoAttributes": {
          "width": "478",
          "height": "478",
          "name": "photo",
          "valuePx": 0,
          "start": "43199000/12000s",
          "duration": "61500/12000s",
          "adjust-transform": {
            "position": [
              {
                "time": "3600s",
                "value": "3.75573 -24.8458"
              },
              {
                "time": "43200500/12000s",
                "value": "8.94819 -25.478"
              },
              {
                "time": "43201500/12000s",
                "value": "12.0816 -25.1789"
              },
              {
                "time": "43202000/12000s",
                "value": "15.2582 -25.1492"
              },
              {
                "time": "43202500/12000s",
                "value": "17.9559 -24.4512"
              },
              {
                "time": "43203000/12000s",
                "value": "18.1033 -24.3982"
              },
              {
                "time": "43203500/12000s",
                "value": "17.6066 -25.6264"
              },
              {
                "time": "43204000/12000s",
                "value": "16.4648 -26.7564"
              },
              {
                "time": "43204500/12000s",
                "value": "13.218 -25.2912"
              },
              {
                "time": "43205000/12000s",
                "value": "13.015 -24.7443"
              },
              {
                "time": "43205500/12000s",
                "value": "10.0879 -22.1124"
              },
              {
                "time": "43206000/12000s",
                "value": "6.58194 -16.521"
              },
              {
                "time": "43206500/12000s",
                "value": "2.64954 -8.13848"
              },
              {
                "time": "43207000/12000s",
                "value": "2.59987 -8.13848"
              },
              {
                "time": "43207500/12000s",
                "value": "1.90398 -6.30131"
              },
              {
                "time": "43208000/12000s",
                "value": "1.54983 -5.1109"
              },
              {
                "time": "43208500/12000s",
                "value": "1.59302 -4.81289"
              },
              {
                "time": "43209000/12000s",
                "value": "1.59302 -4.61422"
              },
              {
                "time": "43209500/12000s",
                "value": "1.34468 -4.61422"
              },
              {
                "time": "43210000/12000s",
                "value": "1.68641 -6.18577"
              },
              {
                "time": "43210500/12000s",
                "value": "1.7296 -9.39583"
              },
              {
                "time": "43211000/12000s",
                "value": "1.57736 -9.5416"
              },
              {
                "time": "43211500/12000s",
                "value": "1.67292 -11.2109"
              },
              {
                "time": "3601s",
                "value": "1.50394 -13.1377"
              },
              {
                "time": "43212500/12000s",
                "value": "1.35223 -15.309"
              },
              {
                "time": "43213000/12000s",
                "value": "1.54767 -15.7485"
              },
              {
                "time": "43213500/12000s",
                "value": "1.19675 -16.0346"
              },
              {
                "time": "43214000/12000s",
                "value": "1.38787 -16.1323"
              },
              {
                "time": "43214500/12000s",
                "value": "1.43214 -16.2748"
              },
              {
                "time": "43215000/12000s",
                "value": "1.77441 -16.324"
              },
              {
                "time": "43222500/12000s",
                "value": "1.42674 -16.717"
              },
              {
                "time": "43223500/12000s",
                "value": "1.349 -17.5694"
              },
              {
                "time": "3602s",
                "value": "1.49638 -18.2081"
              },
              {
                "time": "43224500/12000s",
                "value": "1.59302 -18.9942"
              },
              {
                "time": "43225500/12000s",
                "value": "1.68317 -19.8245"
              },
              {
                "time": "43226000/12000s",
                "value": "1.97794 -20.0205"
              },
              {
                "time": "43226500/12000s",
                "value": "1.77819 -20.1187"
              },
              {
                "time": "43227500/12000s",
                "value": "1.72852 -20.217"
              },
              {
                "time": "43228500/12000s",
                "value": "1.67508 -20.5117"
              },
              {
                "time": "43239500/12000s",
                "value": "1.57574 -21.1007"
              },
              {
                "time": "43240500/12000s",
                "value": "1.81328 -21.0872"
              },
              {
                "time": "43247500/12000s",
                "value": "1.51528 -21.4311"
              },
              {
                "time": "43248500/12000s",
                "value": "1.51528 -22.2172"
              },
              {
                "time": "43249500/12000s",
                "value": "1.24264 -23.2192"
              },
              {
                "time": "43250000/12000s",
                "value": "1.24264 -24.0543"
              },
              {
                "time": "43250500/12000s",
                "value": "1.24264 -25.2043"
              },
              {
                "time": "43251500/12000s",
                "value": "1.63567 -25.6464"
              },
              {
                "time": "43253000/12000s",
                "value": "1.53579 -25.7441"
              },
              {
                "time": "43254000/12000s",
                "value": "1.53579 -25.6448"
              },
              {
                "time": "43254500/12000s",
                "value": "0.989443 -22.9644"
              },
              {
                "time": "43255500/12000s",
                "value": "0.741103 -21.9219"
              },
              {
                "time": "43256000/12000s",
                "value": "0.737864 -22.4115"
              },
              {
                "time": "43256500/12000s",
                "value": "0.933836 -22.9519"
              },
              {
                "time": "43257000/12000s",
                "value": "1.03209 -23.0005"
              },
              {
                "time": "43257500/12000s",
                "value": "0.782673 -24.1504"
              },
              {
                "time": "43258000/12000s",
                "value": "1.0769 -25.153"
              },
              {
                "time": "43258500/12000s",
                "value": "1.8095 -26.2829"
              },
              {
                "time": "43259000/12000s",
                "value": "2.00548 -26.5286"
              },
              {
                "time": "43259500/12000s",
                "value": "2.10265 -25.7279"
              },
              {
                "time": "3605s",
                "value": "2.6382 -25.9239"
              }
            ]
          }
        }
      }
    ]
  }
}